p_code,p_name,price,stock,category
01,tulip,198,5,perfume
02,cornoto,50,21,icecream
03,Pen,10,52,Stationary
04,Lays,10,20,snacks
05,mayanoise,90,10,dip
06,jam,105,10,spread
07,shampoo,5,90,"hair product"
08,axe,210,4,perfume
09,"park avenue",901,2,perfume
10,wattagirl,201,3,perfume
11,pencil,4,10,Stationary
12,sharpener,5,90,Stationary
13,"sketch pen",30,10,Stationary
14,tape,15,30,Stationary
15,paint,60,12,Stationary
16,chocolate,25,50,snacks
17,biscuts,60,26,snacks
18,mango,100,21,fruits
19,apple,120,9,fruits
20,kiwi,140,4,fruits
21,carrot,35,12,vegetable
22,onion,22,38,vegetable
23,tomato,21,15,vegetable
24,serum,90,4,"hair product"
25,conditioner,200,5,"hair product"
26,"oil bottle",40,2,"kitchen utensil"
